chargeback_id,txn_id,merchant_id,dispute_date,resolution_date,dispute_amount,dispute_reason,resolution_outcome,financial_impact
9c2ea46f-7eeb-48b3-af07-ba333ef4befa,af508fd9-ac7f-4417-ad02-0ae876659c43,MER00201,2023-12-05,2024-01-01,53623.21,Product Not Received,Lost,47711.51
c6b76d69-1d9b-4ef8-aec2-c656b8a196ec,8cca4c70-90d4-4d80-ae02-57d09233775b,MER00166,2023-06-06,2023-06-19,8524.47,Technical Failure,Won,0
09d3b6c6-ec47-4e4f-a5ae-c598cc99116c,53af2f48-b0b6-485c-a886-ca594a841944,MER00547,2023-11-08,2023-12-14,20114.2,Technical Failure,Lost,18212.03
b510aa45-564b-4fbf-a388-ca56dbc0f2dc,e3aa9b09-a510-439e-9563-6dbf2f1da357,MER00073,2024-01-03,,10751.65,Technical Failure,Pending,
1c0d3f60-4da0-454e-86fc-e7e9594fab1a,cc4d9607-de33-4dd2-b436-3cbba6d0846a,MER00021,2025-02-04,,25293.6,Duplicate Charge,Pending,
71e72b5f-262f-4a08-814c-f616974a9b20,1bd56894-13f9-4e2c-bddb-22d7afdec2f3,MER00323,2024-06-12,2024-08-10,8652.42,Technical Failure,Won,0
82987e2d-c959-4f4d-b9ce-0743fd227bb7,a220f66d-0b07-49b3-bd46-99ae96c8e9f8,MER00334,2025-01-22,2025-03-23,8318.08,Product Not Received,Won,0
ecfed571-c6e0-4dc1-9663-200c06549fb5,55e57c71-4a03-4c5e-b486-67129d975bb4,MER00199,2023-03-31,2023-05-02,25020.24,Fraud - Card Stolen,Won,0
1e8dd87d-859a-4fff-a12e-d8d7c193f555,850d67c6-8726-4edc-a1b2-014e1a298a37,MER00524,2024-01-23,2024-03-20,12512.83,Merchant Error,Won,0
883b8a8e-278a-49ce-85f7-73e89ddaf4a0,3c96c338-c807-42f3-8027-88dfd450d04a,MER00216,2025-04-22,,52621.13,Product Not As Described,Pending,
33f71dac-b0d5-4e16-a306-d06720c41f8b,b1e882ba-3aa9-48a0-b9a3-87d73aa671ae,MER00267,2024-12-31,2025-01-29,23607.88,EMI Dispute,Lost,22133.82
486965ca-3f01-448c-a66c-33e1ff44e576,1674ec33-ee4c-4b19-8da7-4e3598870135,MER00302,2025-02-10,2025-02-23,67888.69,Product Not As Described,Won,0
274e7c27-c370-4400-a5f3-52743b442c03,2bb5589d-7663-4cf5-bb39-8550616dd7da,MER00520,2023-06-13,2023-07-10,6495.66,Product Not Received,Won,0
af854340-9eae-4cbc-ac9b-3c4897de5698,46019588-d3e9-4680-b6d7-7a3670a4261b,MER00185,2025-04-03,,2068.54,Subscription Cancelled,Pending,
43f52f74-2643-4d63-b999-6ca0efce906b,38d7e988-9885-4341-8a78-3550f7ce07a3,MER00054,2023-08-01,2023-09-26,5816.51,Fraud - Card Stolen,Lost,4729.29
ac46ea2e-0eb1-41ea-b49e-2a691d0ab1f0,74bc29dd-c96b-43cb-9707-e7d2edf37e5c,MER00129,2025-03-16,2025-04-28,3583.97,Subscription Cancelled,Lost,3288.4
6574f455-0d0f-4264-9608-89ddfb38da35,44218d09-e66a-41b5-bf8b-947347c75d7c,MER00316,2024-04-12,,26104.98,Duplicate Charge,Pending,
6701c7b3-ef5d-4a7f-9529-f8d3bd45a963,e5b08c9b-deb0-407a-a91a-909f320e68dc,MER00144,2023-03-28,,3719.94,EMI Dispute,Pending,
42fe4431-160c-490d-8772-1cfe8e3c4965,6bd07f67-8c44-4406-9d42-493bae58bc64,MER00349,2024-05-03,,13059.09,Merchant Error,Pending,
9074e596-bb35-4344-a77f-a795f4345eb1,136cb2af-0d81-46f0-a293-6f403211b93f,MER00648,2023-03-18,2023-05-15,24359.42,Amount Mismatch,Won,0
d1e90ed3-f0f9-4b72-a69c-8c24420be6d2,82a0f148-48ec-4d35-a881-53c3bd0d13a6,MER00579,2024-08-29,2024-10-22,28044.77,Fraud - Card Stolen,Withdrawn,0
bdd2be17-c863-485a-9e8a-3ed0c7d975f0,72586e27-a581-465b-b1d7-b4a67791a25c,MER00273,2024-01-31,2024-03-06,2626.7,Merchant Error,Won,0
97d9276b-da9b-4fc0-9938-5465cb3e81d9,b42587cc-4626-416e-a5bf-0f8d85d2eae9,MER00008,2024-01-18,2024-02-19,1175.62,EMI Dispute,Won,0
9991c64e-89bd-4b3a-b29d-a95caf72a002,794b1276-95e1-4138-a201-00d53d5a819c,MER00082,2025-01-02,2025-01-22,31245.78,Fraud - Card Stolen,Lost,28825.71
b77bd131-f714-457f-8742-141a576b6249,4d0e0cf0-ee70-4c06-bee9-406fc5f62449,MER00396,2023-03-09,2023-03-29,1212.17,Merchant Error,Lost,1012.92
3eb525e6-2eee-4d20-8c3a-80e01696d5a6,908d6890-41db-44b4-b313-a9f03080ca23,MER00590,2023-10-23,2023-11-04,2017.41,Product Not Received,Lost,1978.92
8db1ef5d-3fb8-4014-ae7c-1952bcd36d63,baf95144-0b4f-4510-b3e2-f6a0d5987405,MER00121,2023-11-16,,12570.74,Fraud - Card Stolen,Pending,
646428ce-c572-43d5-b5b8-24fc4cc98d75,ee61cfb2-0bdb-4d4d-95f6-0040c3e06f39,MER00155,2024-09-06,2024-09-29,28087.48,Unauthorized Transaction,Lost,25752.06
34dda3c2-abfb-4f05-abd6-e806e8f19d0b,f9bfc617-1e7a-40b8-890d-19711388c66b,MER00519,2024-10-05,2024-10-26,7615.7,Amount Mismatch,Lost,6622.9
be720292-a2c5-437a-99a2-8643853c49c3,4a042975-fa45-4223-be36-b25a73c771f3,MER00259,2024-04-08,2024-05-31,3278.85,Unauthorized Transaction,Lost,2711.56
32b55d05-2058-41c5-a515-438860b81b23,480868b8-6753-44a0-83d0-741747f4e8df,MER00241,2023-07-30,,6926.36,Unauthorized Transaction,Pending,
b73f5145-e24d-4677-99d3-ef204a681bc4,7ed130ee-fa69-4fee-8428-780b1046f2a6,MER00200,2023-05-29,2023-07-21,28323.77,Product Not As Described,Lost,25497.35
7d494ab7-9c73-44c0-9fc3-e9372027d5e5,a11a6585-745e-4093-b546-1cdcc4c30aa1,MER00324,2024-02-29,,8055.46,Product Not As Described,Pending,
7d517949-1769-4845-bc6e-0c56441c3203,10972909-87a0-4eab-a78d-45916522a4e8,MER00093,2024-08-14,2024-10-01,755.39,EMI Dispute,Lost,733.86
4e969cc9-c97b-4ca8-9fd1-1f12cc19157b,23b53efb-4eb2-4f9c-ac96-919ccbe67ef6,MER00250,2023-05-18,2023-07-15,6324.47,Unauthorized Transaction,Lost,6244.85
fdd9d982-0421-43ba-a47c-207a64941b51,c84e8c1a-97dc-4241-9db8-89bc4dc77d3b,MER00051,2025-03-29,2025-04-20,7681.3,Unauthorized Transaction,Lost,6291.05
66b9306c-262f-4618-8d36-db67aa315551,45504c5d-819f-4ab2-a31d-3f8917f9edb9,MER00476,2023-07-12,,2297.96,EMI Dispute,Pending,
5fb81182-cd73-43e2-aca1-a0fed411c94d,47be54b5-31b3-4337-92cd-507182028def,MER00030,2024-09-20,,24870.54,Product Not As Described,Pending,
c3f21898-46f3-4493-b8ee-1bf2a66ab1dd,e9b5c562-781d-490a-af87-64546659aebd,MER00597,2023-02-09,2023-04-01,4538.64,Duplicate Charge,Won,0
4507ba43-c98c-4b82-8e4f-a2d245e3cf8b,d459f0d5-a516-4f5f-9907-95a8bb3c5430,MER00365,2023-07-18,2023-09-10,2250.97,Technical Failure,Won,0
7daa0f26-7a6e-4ce8-a89a-08cfd905ab2d,a81fc5ad-c252-426f-b861-60e4942d01fd,MER00133,2023-09-18,,260187.38,Unauthorized Transaction,Pending,
28e9d74c-ef38-48d3-9849-f9858f345a3b,e417728c-7d2d-4e1b-b18a-c369307095f4,MER00523,2025-01-01,2025-02-19,1575.25,EMI Dispute,Won,0
2241e835-d37e-48dc-ad31-9bf76ac9b8c1,264a96db-740c-4086-acea-12c3bb244fed,MER00141,2023-10-22,2023-12-01,4550.27,Product Not As Described,Won,0
7a0aadb2-4633-4fe2-be00-5b9916fbcc2b,fc53c6e1-90b1-406f-9a67-bd1497cd2dc8,MER00374,2023-05-31,2023-07-21,20727.41,Unauthorized Transaction,Won,0
c5f5b439-e3ab-462c-b2df-4c596632f05f,acb79900-aa25-448f-99de-e650fdf28b35,MER00549,2023-11-11,,66052.38,Product Not Received,Pending,
516d191e-f3dd-4d77-b187-5107231711e9,406b98a4-d8aa-4f49-9de4-1666ed110d50,MER00409,2023-09-13,2023-11-11,4219.66,Product Not Received,Won,0
0a625c28-2793-4344-ab31-39b0b5384076,8d2aafc2-8974-4f51-a092-44abde8113dc,MER00480,2023-09-12,2023-10-30,54357.24,Product Not Received,Won,0
e5dac364-b486-4d5c-8117-b9a2bbced1f8,82369301-317f-4984-bed4-50f7dce3bc76,MER00108,2024-03-03,,384758.46,Fraud - Card Stolen,Pending,
09fa4d1f-4587-4080-8285-dcba5c8a0b2c,8b955aef-a3bd-4b65-ad3e-16de591434dd,MER00261,2023-05-16,2023-07-02,3200.23,Merchant Error,Won,0
ffc4e0f9-80c6-4f3f-a228-492b22098bc3,d4419952-2457-4e37-a3c0-dd927c6f87ec,MER00563,2024-10-09,,1176.66,Unauthorized Transaction,Pending,
38fcdc2a-bcf2-434f-97b8-d66ff3af6036,a306ad69-f191-4408-a05b-b931f07f301e,MER00009,2025-05-03,2025-05-27,12745.73,Technical Failure,Withdrawn,0
5ad10e34-1e1f-44ca-9ab3-e60779f4987c,4519de16-93df-4a70-9df6-6cd8774c8885,MER00435,2023-10-29,2023-11-25,1644.26,EMI Dispute,Lost,1381.79
ac645abd-5166-499a-abe0-d56ddce073bf,c1bc83ae-39ea-49fd-8c09-e4a24b04272a,MER00431,2024-08-30,2024-10-25,58598.49,Amount Mismatch,Lost,58197.81
75a4dddd-e277-450b-ab0f-14bd79bacf59,f1b93e3e-d2d0-41b8-a028-5ac561652051,MER00625,2023-10-21,2023-11-23,1002.92,Subscription Cancelled,Lost,917.22
7df034fb-d35d-402e-bceb-9c54f975e08d,8137b89e-c9ab-4147-9fd6-ce72feabc7cc,MER00058,2023-09-13,2023-10-29,2838.91,EMI Dispute,Won,0
500beb5e-49c9-4bc7-9281-303abe1b8101,9686eca7-eae5-4464-919d-7af8dcf6fe2f,MER00429,2023-10-07,2023-10-24,1512.46,Subscription Cancelled,Won,0
1006fcae-1c22-4e10-a4a3-541877a4067e,de6aa7de-a7c8-4087-8c44-5ab40ee9f13e,MER00083,2024-02-01,2024-02-18,60419.03,Duplicate Charge,Lost,57742.38
f0a38c77-5414-4d17-a486-9e290dfbddc8,76bfbfdb-2cd1-48c7-a121-2ab492b9fb43,MER00165,2024-07-07,2024-09-03,9334.95,Amount Mismatch,Lost,8632.91
0dc1fc51-56e4-4233-8d00-45655a139f2b,63345c41-9ce4-40eb-b4c3-1616eb7a715a,MER00012,2024-01-23,2024-03-08,4342.62,Unauthorized Transaction,Won,0
4862a578-ad96-4802-a08c-566b3453e8e3,2ff854dc-5681-4b7c-9317-5296def3e0cf,MER00426,2024-04-07,2024-06-04,79420.4,Product Not Received,Won,0
b6ecf8ba-c720-4704-96e9-7c2163c53ae8,77389e16-e0fc-416c-a17c-a72120726f93,MER00498,2023-08-02,2023-08-22,13995.5,Unauthorized Transaction,Lost,11358.59
88fc9076-0250-44b4-8951-1f0fce8fbf07,040bb9ea-2eec-4e92-9f8d-b75d4559058d,MER00479,2024-09-03,2024-10-30,5396.11,Fraud - Card Stolen,Won,0
cdbedcc1-598f-43e6-9834-c02ee9d2da78,17d99bcc-4995-4abb-8cf9-fd669b82762a,MER00596,2024-12-11,,1569.37,Product Not As Described,Pending,
04c08712-ce57-4f2d-a526-a6959cf717c3,99f73744-3d17-4d0d-b905-58f1239a68ce,MER00544,2023-12-29,,351578.8,Merchant Error,Pending,
e5c4d761-360b-4c57-b821-be7fd7f5c951,20c81744-d3a1-4364-bc15-826c842e2db5,MER00012,2023-06-11,2023-08-01,3525.44,Unauthorized Transaction,Lost,2978.24
840fa3fc-dd0c-467d-81f5-674ebae4be76,eef673e4-133d-4cfb-9f24-0b1ebd55967c,MER00317,2023-08-05,2023-10-04,2527.08,Technical Failure,Lost,2055.82
40ebe08f-0f46-4488-8fb3-4b1d7c5ad49c,9e461a6e-fc44-4120-8e36-bebcc372595c,MER00108,2024-04-14,2024-05-16,266158.76,Amount Mismatch,Won,0
0bbad406-48c8-45be-b133-5d90905e9f70,d26bc7b7-4c1c-41ee-8469-67f955ed025a,MER00313,2025-03-05,2025-05-03,10866.23,Subscription Cancelled,Lost,9416.45
a34ed9b3-bfc8-4330-87b3-6232dfb6d33a,b9ed088f-c59f-46a7-95d9-82a8edc2792d,MER00443,2025-02-01,2025-03-27,983.69,EMI Dispute,Withdrawn,0
59df29f1-3048-4e78-bedf-df2c8b858457,8f267e24-6fc6-40bf-a517-da3ef5d24ed2,MER00313,2024-11-22,2025-01-09,10154.73,Product Not As Described,Lost,9520.41
5293f842-a42e-44f7-ad42-797998a10f08,88e1dab9-5894-4432-95a6-6fb409944314,MER00337,2024-12-03,2025-02-01,26923.32,EMI Dispute,Won,0
838d3ea9-4a79-4a73-9627-869bb83ecd4d,693a4ba7-1148-4179-82a6-6a2c9560c97c,MER00272,2024-12-22,2025-01-08,8099.8,Amount Mismatch,Lost,7246.25
eb6033f7-4ec5-4219-a756-90f881ef0e56,78f421d0-5153-4bce-90ac-1cb5c57e55b7,MER00319,2024-03-19,2024-04-28,2466.22,Duplicate Charge,Withdrawn,0
b81e1282-79c7-4df0-a171-143b516283ac,65f3d32f-f017-4bd9-82e1-9c53b1b11f0a,MER00064,2024-06-29,2024-07-09,32925.45,Product Not Received,Lost,28519.48
d1e16606-b7ac-4325-bde7-06a3066b4b81,79893e4b-0a01-4a08-be1f-b96422d2e9d2,MER00539,2023-06-08,2023-07-24,6329.62,EMI Dispute,Lost,5853.05
17b2d0af-d1c0-450e-9095-4f1accd579ac,f1e8fc2d-4e20-4893-9864-84fc922ea1dc,MER00625,2024-09-25,2024-10-21,9166.15,EMI Dispute,Lost,7615.5
6b2073d5-af57-42ae-85af-610ceebf01ba,f22387f2-d95b-4a0a-ba4d-5cdfb9204415,MER00574,2023-04-12,2023-05-05,43380.1,Amount Mismatch,Won,0
f52c4054-f8fd-4c31-8e7b-50151b10e8d9,3fb865f1-de65-459e-8b1c-25a441fae0fc,MER00483,2023-10-27,2023-11-18,13361.98,Merchant Error,Lost,11414.77
dcda5f8c-5020-4493-b783-697fdeb83948,9eed337e-edee-475b-a2d0-8e2f34c054d5,MER00392,2023-04-04,2023-05-14,4840.59,Amount Mismatch,Withdrawn,0
f9429dbe-ba43-47c4-a844-36197d990723,b797a9d7-60ff-4169-949c-4282dc207ce1,MER00629,2025-04-18,2025-05-28,28875.35,Product Not Received,Lost,26002.22
64614391-c069-499a-9350-90cac74d0a5d,f001126e-9c48-4899-8dbc-7bb0b6599a89,MER00025,2023-03-14,2023-05-05,14586.89,Unauthorized Transaction,Lost,14244.67
2500c2e2-cc3a-480e-a49f-2a712ec2e2ee,078a2b3d-5d32-4485-a71e-cc4629803ee0,MER00407,2025-03-27,2025-05-25,6744.44,Duplicate Charge,Lost,5702.77
164bd445-4f57-43d3-a2d5-f0b4eaa71d04,744b7e11-9323-4191-873a-22cbee888e03,MER00468,2023-07-22,2023-08-24,3574.41,Product Not Received,Won,0
6e889dac-6f7d-4178-99ae-cfef330afc1f,746a461e-b64c-4bc7-8c6f-15b0aa49cc8c,MER00160,2023-08-05,2023-09-25,61021.91,Technical Failure,Lost,51655.79
e3f7eb15-5269-441f-927a-7e09404b9a4c,0e8705bf-5088-4ebb-861c-8d59741081d9,MER00077,2023-07-03,2023-08-09,7960.67,Amount Mismatch,Lost,6710.49
0d722a5d-9630-4411-92b7-17731f20eff7,b4decf09-a1d3-4353-a50b-a3f9a80eda2c,MER00380,2023-01-25,2023-02-05,19518.62,Unauthorized Transaction,Won,0
646e5cf4-db1f-42dc-8964-d11bf6372d3e,d36868e0-4936-4ded-902a-7ae90326a2cb,MER00222,2023-08-20,2023-09-14,21940.54,Product Not As Described,Won,0
21f448e7-f0ae-4ba5-9f2d-b44425efb8b6,cf8292a5-b205-42ef-b653-1a4f038842c5,MER00307,2025-04-18,2025-05-21,6412.89,Merchant Error,Lost,5311.75
35f7e6db-46d3-472f-8e14-878f25c9a659,c5146edb-a957-43d9-9919-e34a0b187aa7,MER00143,2024-09-27,2024-10-31,13542.35,Unauthorized Transaction,Won,0
abe3cc39-1781-4718-9786-068ad296a834,b6d319cd-d6d4-41e5-ab29-27c551caf383,MER00597,2023-12-15,2024-01-13,1542.49,Technical Failure,Lost,1312.93
7be87d02-6cfd-422b-9ceb-cbd565222bfe,dd14206b-8fca-4ce4-82bd-ba6c7baa7e4b,MER00188,2025-03-17,2025-04-13,7490.15,Technical Failure,Won,0
f7967497-dabb-490f-8428-61a0daa1f8db,2dfb3f0c-8c77-4e02-aa5f-afac110df21e,MER00605,2024-01-16,2024-02-13,62829.49,Merchant Error,Won,0
1e78297d-7a36-4033-8584-26e27256531d,1b97aa75-06f0-42d5-a7f8-ed01d8bf549e,MER00548,2023-04-01,2023-04-11,1824.79,Subscription Cancelled,Won,0
9eae3fba-73e0-416c-b351-c73be9a68dac,90f425d4-2f32-4a1b-8f5c-1398dc920431,MER00561,2024-08-13,2024-09-26,4492.26,Duplicate Charge,Lost,4235.38
527ef3c8-45af-4458-acdb-cff4a8f0c0da,35168dc0-ec4e-4db7-bfc0-dafa06a6e728,MER00276,2024-05-09,,14958.27,Fraud - Card Stolen,Pending,
7787bb0c-4a3e-47b2-ac40-c250ccfbc59e,81759271-fda6-4f8d-a9cc-78dd579f65ef,MER00617,2025-03-16,,54941.81,Amount Mismatch,Pending,
6a62f96b-19d6-46bc-bf96-ce8c7fbfded3,54bd7612-8848-4d41-83aa-6df2b36b188f,MER00536,2023-06-11,2023-07-26,9293.55,Unauthorized Transaction,Won,0
1cfffffb-a423-4515-b7e5-f04f54549f7e,dee9da93-b957-469b-a262-3048ed7423d8,MER00100,2025-01-13,2025-01-31,2176.97,EMI Dispute,Won,0
263bfdbd-da17-4ead-9c86-1184c0a0f70a,8dbf6297-6bd6-43e0-81df-54f64b1694cc,MER00023,2023-10-20,2023-11-14,59539.58,Duplicate Charge,Lost,55428.92
30e51b81-3d92-4eae-b088-f0b3a521f665,18f28397-681c-45d6-a47e-a6a33494239f,MER00614,2023-12-18,2024-01-08,3705.78,Amount Mismatch,Won,0
38d5c027-7cb8-42a8-8fd9-e85c00a1a3d3,dcb9d8b7-1a3b-4f77-a1bd-8587304eae6f,MER00589,2023-01-17,2023-02-26,5588.96,Subscription Cancelled,Won,0
d3ca106d-dbcd-48a7-a39f-8bbf97295c24,9e12830f-79ef-42d2-b19d-e933f994f4bc,MER00534,2023-10-01,,28232.35,Fraud - Card Stolen,Pending,
ffc82463-b8ff-43ab-9c54-5ceaa0813246,341bdf19-41fd-4917-8417-43b034f8d206,MER00627,2023-12-22,2024-01-01,84714.81,Product Not As Described,Won,0
ecd23a2d-e3f8-4c97-a6f8-aa1de28d9e67,51be48f0-5417-4f2d-b704-3bcf27dfdf44,MER00221,2024-04-16,,7384.32,Duplicate Charge,Pending,
89d5bd97-a6c5-4fc8-b5f5-66280012a3cc,716077ec-041f-4bd5-97ed-4b186b3015a9,MER00014,2024-09-12,2024-11-09,5790.53,Product Not As Described,Lost,5456.64
65cc74d2-c68e-4b05-947c-578e6633f6d0,5953def9-a68a-493b-b9d9-a1bb8a9071a2,MER00534,2023-08-16,,10432.14,Technical Failure,Pending,
729cc15c-78ac-406a-8b83-dc5e02f7b7fe,0617cf3c-1ab5-4f07-887d-e7e9b305e101,MER00347,2024-01-20,2024-03-13,7642.94,Product Not As Described,Lost,6548.22
3dd62f77-f114-41f8-aa39-1d3a4018c5a6,c6766469-bf1b-414a-bfce-49a27a5ef764,MER00312,2025-02-03,,10642.53,Product Not As Described,Pending,
b2b2dea4-bf3d-494c-a9bd-d0eacc26998c,d293a590-470e-4079-bcca-b513721fd138,MER00096,2025-02-14,2025-03-31,7013.12,Technical Failure,Lost,6768.21
b005e317-a82d-4052-b576-540c3a7e0eab,3091102c-72bd-46af-b077-3008c8947ddf,MER00362,2025-01-24,2025-03-12,879.22,EMI Dispute,Lost,876.7
76cd8724-425f-4807-8506-466a79e94bb9,65c3c392-0cc6-43b0-a9fb-5b2f50e50f0f,MER00481,2024-12-01,,9277.21,Duplicate Charge,Pending,
d9f75e4d-d135-471e-b116-d6168ce4e31e,95638077-0cb6-4ec2-9636-0e690facf7fa,MER00257,2023-03-27,2023-05-11,13763.96,Technical Failure,Won,0
4b844baa-ee1a-477e-a849-0aabbb6cdc0d,543c7901-5c72-4b24-bdc7-1210392a6544,MER00251,2023-08-10,2023-09-22,5187.59,EMI Dispute,Won,0
64add89a-0035-490e-9353-b78cccc97ec2,64142e17-c53c-4b34-a99d-9ff2334f13af,MER00378,2023-12-13,2024-02-01,47347.26,Unauthorized Transaction,Lost,41422.1
90426aec-6f35-40fd-9dd6-e92d8797ce46,5a0f84e9-e78c-4bf9-a6f6-6f881de3b970,MER00039,2023-03-18,2023-05-12,21114.48,Product Not As Described,Won,0
18935008-ee0f-40f5-9048-3388e7b6da86,677dcc5c-c12a-4e1e-b56e-56d67033011c,MER00614,2024-06-25,2024-08-23,7842.94,Product Not As Described,Lost,6873.48
290cf829-2b30-48b2-ac86-2020d2e07e88,45e290bd-9744-4fd6-ae77-587eae0ea84e,MER00542,2025-03-18,2025-05-02,9091.91,Product Not Received,Won,0
55c21c01-6aaf-42f8-b771-df1fa1faec96,9c841992-5502-4468-a760-769b13550761,MER00610,2024-04-24,2024-06-22,1526.75,EMI Dispute,Lost,1441
7706d871-ba60-413f-8f8a-39f28714451e,96eb9eb9-b098-497b-8e01-8960596aa82d,MER00481,2023-07-30,2023-08-17,6464.93,Product Not Received,Lost,5567.7
de4cb15f-03d8-42bc-bb6f-fc7deb78027d,07efa300-1e24-42f5-9fb6-662f428c2353,MER00202,2023-02-10,2023-02-20,94145.7,EMI Dispute,Lost,76140.32
6bb2aec6-e5be-4d27-9a25-aa89a4331142,02eedadd-c9ce-401d-8259-cf5a0604e05f,MER00291,2023-10-14,,47051.67,EMI Dispute,Pending,
09e9686d-2c75-4ecc-bae1-e8ce2f385551,3efb0fd2-c0c9-4258-95a1-19f02dbb8d01,MER00609,2024-09-26,2024-11-25,19290.31,Product Not Received,Lost,15905.48
e362f205-d53a-4139-a9ab-acb2f6b8dbd1,9302e947-1a28-438c-90ae-8cde25308180,MER00304,2024-01-23,2024-02-13,11993.15,Fraud - Card Stolen,Lost,10877.17
94855e2c-1b06-42f8-8339-0ef8bddbb447,de6a2022-3dee-48e1-b5df-1b305ba34f5a,MER00091,2024-12-15,2025-01-02,1794.81,Duplicate Charge,Won,0
0695e6be-bb70-4a70-bec2-f2efb2c55a82,e0e9dca8-e73c-4b47-a8ae-82625e156408,MER00554,2024-06-22,2024-07-17,8482.77,Technical Failure,Withdrawn,0
26239a57-54f7-43aa-96ea-47de61a2d682,5a4e1274-db23-42e3-83e0-5185fbf99171,MER00379,2023-06-17,2023-07-26,46206.84,Subscription Cancelled,Won,0
88de341d-4f61-4ad3-8c70-c26d17f8e056,5df0a394-70aa-438a-991d-46e1d847c4a0,MER00401,2024-05-07,,9650.17,Technical Failure,Pending,
38d91f2e-9883-460c-9ab4-8d8d0cc3e841,505182d1-b3da-4599-bfc2-d2133c2502de,MER00525,2024-05-22,,18484.4,Product Not Received,Pending,
f08384f6-4bf4-4eae-b7fd-88a582192615,ccc27344-c206-484d-9e05-bfe085691758,MER00111,2024-02-26,2024-03-28,5562.46,Product Not Received,Lost,4787.63
3e230880-e0f9-44fe-9dc2-84ff4138e582,fb4b21cf-5a44-4cec-bd85-7851715feddd,MER00069,2023-12-06,2024-01-27,21660.71,Fraud - Card Stolen,Lost,18736.85
a01efb1d-dde0-4218-baa2-5cdf4c260c56,506fe8ac-170d-4476-8b00-c28eef8decf1,MER00262,2023-10-15,2023-11-25,22304.82,Duplicate Charge,Lost,19611.52
60567d09-645f-44d2-afb2-83c07ad6fbbc,1dc4db6a-4ba0-4886-9eef-ff7d451906ea,MER00491,2023-04-23,,9379.6,Product Not Received,Pending,
1131aa4d-8a9a-43a9-b323-1ad39c90e4de,7439e975-bfe3-4097-8da2-37b893e83349,MER00568,2023-09-22,2023-11-10,356264.78,Product Not As Described,Lost,323300.08
7a694541-16fa-4be5-bb10-977de3a09945,3dc3b645-8a07-4399-bb8a-bed1dcfa200d,MER00085,2023-08-10,2023-09-12,6113.82,Fraud - Card Stolen,Won,0
c4e97257-a2d4-4de8-a959-fba84671188a,0e503db0-7f52-4a19-852a-b8f2c92a660e,MER00349,2024-03-05,2024-03-22,4643.72,Subscription Cancelled,Lost,4448.35
3f7eee1a-31e4-4bf9-b76f-9b6f3887e73f,3b273d8b-fc04-4021-bac7-c445924d4940,MER00135,2024-11-22,2024-12-17,27911.68,Subscription Cancelled,Lost,25901.64
39569e4e-31ce-4e3b-a654-c925aa2617f1,0b181566-a879-4cf2-8bf9-05babd2985f5,MER00112,2023-05-31,,3811.44,Amount Mismatch,Pending,
dec0a629-0562-48da-ae4a-25bb0897a0a3,6823cb63-6805-4258-b8b7-337404174c0d,MER00150,2024-01-10,2024-01-20,58327.29,Duplicate Charge,Won,0
d1f0ba41-7b6d-4053-b208-9e6fa89c8d56,8f73f250-de7c-4b3e-95a6-9a6aa7caa7e7,MER00371,2023-07-22,,655.72,Subscription Cancelled,Pending,
76be3c92-0bbf-480a-89cd-a88d448afd3f,b643514c-2b66-4744-84c2-2e6d2b160cf3,MER00642,2023-11-15,2024-01-06,335013.72,Duplicate Charge,Lost,302760.02
1d7b3c96-8359-4f5e-a29b-1359d4e1aac2,c2bebc59-95f3-4600-8b3e-84770926b1c0,MER00153,2024-02-07,,6695.74,Fraud - Card Stolen,Pending,
2a0c0121-442d-4a8d-996e-5ef33d0a7500,1dacb6e0-cb60-4437-9f23-38f3346ea19b,MER00606,2024-12-07,2025-01-27,6307.49,Product Not As Described,Lost,6294.4
77bd003c-f68b-462b-b3b2-141f1bbcc1af,b1fdd95e-72cf-4d86-b873-729bd04d0199,MER00518,2023-03-25,2023-04-19,79058.23,Merchant Error,Won,0
5fc05b41-806c-4dc6-ad51-f6b01a633792,f2b1d209-063b-4324-a7a7-fac9ef5e5c4f,MER00133,2023-09-12,2023-10-09,273694,Amount Mismatch,Lost,259363.92
ca38c818-4859-4617-afe9-e03948ec1fbf,36915fce-502d-4d3a-a8d4-6acae5faa722,MER00620,2023-10-17,2023-12-01,10560.69,Product Not As Described,Lost,10059.08
1ea3bc61-36d4-46a1-bce5-bab28aaeba28,1888cc24-d0d6-4826-9396-cbbfae7ae9fa,MER00307,2023-09-02,2023-09-25,1645.06,Technical Failure,Won,0
1b2f70cd-7f1c-4d68-bdd5-2e44b14863d3,28a9fbee-c041-4076-8fc2-82838bbfe50c,MER00627,2025-02-28,,40662.24,Product Not Received,Pending,
a293714b-25fc-4653-893c-2c35969e3fc5,292b4b4a-3159-405d-8a0f-329e44cc1416,MER00010,2023-04-17,2023-05-01,28799.98,Merchant Error,Lost,27003.14
4d9a39a6-08b1-44cd-8c02-6fe5aa481f60,f6f559e3-05ab-4b9a-bc09-566c768a5cfa,MER00450,2024-02-17,2024-03-25,68603.89,Product Not Received,Lost,67295.09
84fc99c3-d769-424d-b105-2fd75b2ebd04,3f843bcf-f54a-4bfa-903d-7d743dee0e9f,MER00456,2023-04-09,2023-06-07,20461.12,Product Not As Described,Lost,19070.29
ff9cda65-ff67-4c6d-9709-fe59768042b4,7120ab33-9a81-4c6e-93d9-79b412340c87,MER00205,2025-01-26,2025-03-13,458819.11,Amount Mismatch,Lost,377642.95
4ca3f55f-b65f-4395-8f37-a1866043583a,a14cd307-1efe-4955-b7e4-9a72bb5c9ed8,MER00118,2023-10-19,,13100.57,Amount Mismatch,Pending,
598eb7c3-43a0-40c3-8e8a-d9ecb23c734a,a4f0a92e-dac2-4f33-92dd-2f79ae08a66f,MER00445,2023-08-18,,3451.56,Subscription Cancelled,Pending,
0dd813a4-f0e7-4ba5-81b8-c9614da31d30,7d3f076a-05af-4b3e-88b5-be4a5996ea4c,MER00569,2023-12-02,,21305.34,Fraud - Card Stolen,Pending,
a1d1a156-7e30-496c-b5be-e70242ee1dc9,21461b0f-6f84-4d86-906b-092e0375a0bc,MER00369,2023-03-03,2023-04-03,28171.96,Duplicate Charge,Won,0
e1446206-f578-499b-994c-2c85d2a9bdfb,267ab1d7-1b81-4f39-a785-dc6cbeb79c68,MER00444,2024-05-02,2024-06-01,29642.05,Fraud - Card Stolen,Won,0
be89a266-4721-48aa-a03f-f6a462b31f2d,3b038bb5-519e-4894-881e-1655ac5a2931,MER00072,2023-08-26,2023-09-27,480070.27,EMI Dispute,Lost,410115.34
5224a280-e9aa-452d-b7bc-bfd6b82e0d25,834b62cf-07cd-4256-bdaa-cd52c09011bf,MER00559,2023-05-22,2023-06-06,21463.02,Merchant Error,Lost,17820.08
b3a8bc2a-596d-4fdb-8883-a30edbb5f3a8,13f1cb35-ca22-461f-b9e5-4d7182b350e4,MER00507,2024-11-23,,83841.18,EMI Dispute,Pending,
57e76fdf-d079-4edf-830b-8def7671888e,b4fde603-53bc-4bbe-a29d-df4c25b36195,MER00446,2024-09-14,2024-10-08,7820.81,Amount Mismatch,Lost,7550.37
32152cdb-5484-494a-a9fc-b7db5405ed2f,f81bd1af-c99e-4281-9776-10cb0f2d070f,MER00021,2023-12-14,,9480.46,Product Not As Described,Pending,
066a0411-817b-4b21-89ab-258bed9197b9,8d7613c1-fb1d-4e43-8243-6ab644a56f25,MER00074,2023-03-21,,6069.47,Technical Failure,Pending,
1180eec1-4227-414c-a4d8-5e48d010f6cb,724d42cb-ffbf-43a5-9219-f29610d9c368,MER00256,2024-04-23,2024-05-31,77990.11,Fraud - Card Stolen,Won,0
a7541cae-cff1-42ea-b4e2-923ac6d1e132,e6662769-a594-4820-bb28-692dc79202d4,MER00287,2023-06-03,2023-07-12,19556.73,Product Not As Described,Won,0
51755daf-8d46-4269-b983-615a5f1b9a4b,cc4d6350-0d40-457b-94d5-13ca4de5e12b,MER00279,2023-11-20,2023-12-24,61635.03,Amount Mismatch,Won,0
f5d13b17-9025-4c5a-814f-f2aea86a6f39,3496094c-25a2-434b-8a83-5fe50ed93677,MER00253,2023-11-22,2023-12-06,13883.66,Duplicate Charge,Lost,12405.06
c439f2b6-9a80-4a36-aa2a-053726af9d26,55e45b34-e7b2-4d34-b947-bfd851a7ae16,MER00380,2024-10-25,2024-11-27,13739.09,Unauthorized Transaction,Won,0
8b61ff90-5be9-41c9-af57-7d3a8110bfb0,b43ccc80-f72d-4561-a57c-7b38635ff889,MER00029,2025-03-03,2025-04-07,444412.61,Fraud - Card Stolen,Won,0
a43636b3-85ca-429c-9f20-863ce71aa126,5b7d6022-6970-46cd-81b2-cbfb675b3bbe,MER00105,2024-09-19,2024-10-30,1231.62,Merchant Error,Won,0
8c4ded5d-47f9-4486-a70f-e5abd38f1123,a47844d4-372c-4b51-be0d-d0ed6507d79c,MER00554,2023-05-08,2023-05-30,2746.33,Fraud - Card Stolen,Won,0
f3442b25-add8-49fa-8535-d334ad3ec2d1,b3d6c654-f50b-4a28-b2a7-fed62acdd5a1,MER00334,2024-07-24,,21472.24,Merchant Error,Pending,
dece263a-6e4c-4556-9a7f-92b447cda2a3,999ea8ef-d006-4cd4-b94f-70eda8b02e46,MER00007,2025-01-09,,380116.85,Unauthorized Transaction,Pending,
4b6d38cf-a721-465f-8b3c-ab1d7f815f23,5cdfa5a0-a618-4de4-b1d7-755550d41a36,MER00345,2023-11-01,2023-11-12,66811.28,Product Not Received,Won,0
24618341-b3fc-43b7-8bca-f516caa09fa7,ce3c13b9-0cde-431f-a96b-9b607117d721,MER00349,2024-01-31,2024-02-24,16044.25,Fraud - Card Stolen,Lost,14659.58
e09a0a31-c17a-4dab-8fa2-8d414dfe4b48,0ab872d9-08b6-4036-84d3-523c734240bc,MER00152,2024-08-04,2024-10-01,1674.78,Product Not Received,Won,0
6742a79b-6c44-4f09-8d05-8b3888dd005e,70a6745a-b62b-45cd-bf5f-629e1a45322a,MER00390,2024-02-27,2024-04-27,12035.05,Product Not Received,Lost,11903.39
eab694b1-458d-4fe4-b79a-c4a30963cfa0,0a44dd3b-151b-4849-b390-e1e626b4574f,MER00456,2023-08-21,2023-09-03,20845.78,Unauthorized Transaction,Lost,18318.29
b5cbd05f-96c5-4fbf-ae76-37afb3b8c78c,f934adea-3b7d-4f33-bdfe-3ceadb3f2ad4,MER00543,2024-12-30,2025-01-12,1650,Product Not Received,Lost,1457.7
7bdf62fe-0bff-4c00-86cf-84f662e2e55c,b4dc1857-2707-4c6b-b44a-dff7b2484a8c,MER00138,2023-02-05,,8811.06,Fraud - Card Stolen,Pending,
c3f92487-9d42-4b2b-b9ba-776a8ad6a007,ac04e51c-4811-40f4-8073-ebda9dbe69ef,MER00625,2023-09-12,,5402.01,Duplicate Charge,Pending,
fc6a2243-a13b-4034-b752-197e650f7a18,4004645d-9378-4fd7-af34-b5daf7c003a0,MER00299,2023-12-20,2024-02-11,8350.63,Unauthorized Transaction,Lost,7627.35
7c8c767c-2b93-421c-902a-745c0ead502d,c7d88c1e-b934-4df2-be96-10a8050a2eac,MER00048,2023-05-18,2023-06-21,5840.32,Duplicate Charge,Won,0
a7982130-0dd6-4c3e-b2c2-4c338d152cdc,8084c16c-8beb-4f01-b844-77251788774b,MER00080,2024-07-03,2024-08-26,7383.64,Subscription Cancelled,Won,0
a3a5ae28-8885-4454-be27-94afabf82eed,46b8879b-7525-44f6-bdfa-6feb55104725,MER00639,2023-03-13,2023-05-10,5762.07,Merchant Error,Won,0
bcc7ad31-6225-4e63-94e5-5461f5666670,d88c54f2-3d8e-485a-baeb-46bb3c2b53d7,MER00527,2024-06-13,2024-07-15,4848.89,Unauthorized Transaction,Won,0
4889a0dc-0f72-461f-9ac6-097b89145857,f9abf272-920a-4389-8fc2-2b4315f9e7ae,MER00561,2024-10-27,2024-11-22,9800.49,Product Not As Described,Lost,9654.49
24bc76d8-9c8d-4f93-aae1-ba489242220b,649461ba-2051-43b5-bf04-ed65afe1b294,MER00109,2023-06-28,2023-08-09,8287.79,Merchant Error,Lost,6715.73
6157cfd6-9a4a-493c-94a3-01205fd51b4a,02a41001-3e9c-4a7b-91c4-3fcff2edea98,MER00420,2024-04-21,2024-05-11,3149.56,Unauthorized Transaction,Won,0
97cbe9ca-a0d6-41bd-9119-eb555f4614ee,670d978d-72ef-4c8a-a1c9-f5af9aff12f5,MER00126,2025-04-08,,19975.26,Product Not As Described,Pending,
bf8feb2a-9c30-4d10-9e3a-dd65766c0a91,b6e33279-0fa9-43f5-b92e-cd8fe111eb9c,MER00602,2025-04-25,,11982.2,Fraud - Card Stolen,Pending,
13448204-5574-4752-864c-9b2be698250c,5f60b0ae-17ec-4107-939f-c31de05543f8,MER00081,2025-01-27,,976.75,Product Not As Described,Pending,
1d975e24-21c7-4669-9e4a-b0378c1a18e0,91f7da6c-c7c0-4a5e-b463-89b2c3c4fce2,MER00033,2025-01-06,,2734.29,Duplicate Charge,Pending,
addb4b42-5bc1-462c-bb0e-01b3ad73dfc6,f5379257-4683-4029-9a44-a202b70d3018,MER00506,2025-01-14,2025-03-09,7060.29,EMI Dispute,Lost,6469.4
2d041087-81a7-42d4-b88a-a0cc51157c8b,1e23293e-a0b9-49a4-96e3-7fb73636fe31,MER00414,2023-01-11,2023-02-17,20523.95,Merchant Error,Won,0
629b1b76-17e1-46ce-808f-3ef45305114f,e3783aff-5391-4daa-aa84-d2920ecce42f,MER00072,2024-10-27,2024-11-15,342562.94,Unauthorized Transaction,Lost,312205.65
b5c54a87-c4ca-457a-9b6c-6a8e25a9daa9,0638d35b-5b41-4dd0-ae46-3c5ff761b7e2,MER00096,2023-06-02,,23745.61,Amount Mismatch,Pending,
f3c9314b-6ebe-4b2c-950e-22e6e7c34874,a9efa150-a275-4d31-ac0a-d7cd70a8ec6d,MER00085,2023-06-08,2023-08-05,4739.06,Product Not As Described,Won,0
807ebe03-2073-4c06-8596-181822200097,d0c17889-1848-4527-83cb-8a7030144c9f,MER00279,2023-05-18,,38130.44,Duplicate Charge,Pending,
0621778e-6269-4a56-8a27-6fb84d402a8a,b774b46b-8488-4182-b31f-088404ebef6e,MER00256,2025-01-28,2025-03-16,81325.05,Technical Failure,Won,0
fcd1dbc2-bb8c-4168-8d41-df72767ac2dc,c27df1ea-74f9-4b21-9205-81b0ce980379,MER00116,2023-12-11,,80579.25,Amount Mismatch,Pending,
8fef570d-2cf4-41f4-ab5b-01c31103a210,fad28082-0d9c-4bdf-805b-2d6a28ab9024,MER00370,2024-02-11,2024-04-06,7364.43,Fraud - Card Stolen,Lost,6597.77
45d4a442-cbbe-4ec0-ae53-9423f9cb1017,0e6229cf-ff7a-411b-b055-8c16708cc545,MER00097,2025-01-20,2025-03-11,16632.31,Product Not Received,Won,0
451492bc-7543-46e4-be55-1299563515d9,942f9c37-01bc-455e-9bba-ac033c872523,MER00594,2023-09-23,2023-11-07,60157.92,Merchant Error,Lost,56264.82
0c4ea291-f45a-4315-929b-49895321fb83,49e46a63-b9a8-4981-abe3-18d706ab0e09,MER00130,2023-03-30,2023-04-22,2036.8,Technical Failure,Won,0
0a729df7-b40b-438c-92d7-9c58d3890690,bde0f1ab-ef63-46e3-9b04-7badeb48fec3,MER00518,2023-04-25,2023-05-24,64798.38,Product Not Received,Lost,59527.23
5a6f86e2-85d3-4662-91f3-648f8b564314,46e68d7e-4a68-409d-bc69-1170c8a7903f,MER00643,2025-02-19,2025-04-09,1968.55,Product Not As Described,Won,0
ea539c05-7031-4a42-8e80-26a68a89a67d,3d299115-b250-49eb-b049-68a3877fd86a,MER00381,2024-02-26,,8372.2,Amount Mismatch,Pending,
10082cbd-91a2-49ed-bf92-47f18cba41e0,8374c4a3-990e-48a8-9a5a-375c249ff7a9,MER00234,2024-10-18,2024-12-06,6625.01,Product Not Received,Won,0
2fd2716a-af29-46a9-903e-a77532b54e09,3526ed12-a5d9-429f-873c-809c300e1e6b,MER00113,2025-02-01,2025-02-14,65205.36,Amount Mismatch,Lost,58043.02
8847289c-5048-4cf7-a17e-d870c89f2b3f,579d5c9b-75ce-4b7e-b6a9-34f328757f48,MER00356,2024-12-06,2024-12-21,5779.82,Duplicate Charge,Lost,5161.47
874073ca-226d-459d-ba30-ad633bae814a,d0a98f00-a1fc-47ac-8cd6-f6be184dcd05,MER00165,2023-04-13,2023-05-25,973.01,Technical Failure,Lost,955.77
8f76c0d1-f492-4c05-ad8e-2f7d80f1e514,751fed12-a7fd-49ae-b929-42254bc186b6,MER00438,2025-04-06,2025-05-26,9674.05,Duplicate Charge,Lost,8698.06
a4e122a7-5037-427a-8476-59ee26ebcb49,e983bb51-fd55-4c22-b1b5-8862cd7c1435,MER00375,2023-10-28,2023-11-28,31541.12,EMI Dispute,Lost,26551.47
325a12c9-2233-4163-a04d-86a688fd62e4,2b4bcecf-0b18-4abc-89f0-62a554d84ccd,MER00545,2024-12-09,2025-01-19,4569.12,Merchant Error,Won,0
54aa5ffd-5dce-42e8-b11c-ebea56606def,49eafe29-0c66-4cf8-8146-a478b165f892,MER00576,2024-05-30,,62129.14,Amount Mismatch,Pending,
498d9b1d-b828-4ac9-926a-4971822905f3,6b0adf13-7edf-4763-9ccc-c3e1abcc5865,MER00162,2023-07-09,2023-09-06,22702.49,Product Not Received,Lost,22023.69
0d39d89c-d371-41b2-b050-71fea3987a6d,04953d3b-3855-461f-9cbe-91614d34d576,MER00164,2023-02-27,2023-04-25,10807.92,Merchant Error,Won,0
7b0a2fbe-d1f0-4a74-b07e-057716f23826,a6b32d49-b704-4b77-be18-8af79048247a,MER00306,2023-12-07,2024-01-11,2953.29,Product Not Received,Lost,2683.02
eeab398d-a988-4836-9166-a63206c4984d,f9f38a0d-a30a-4138-b0b0-6c6eabb97d95,MER00422,2023-06-12,2023-07-28,21401.62,Product Not Received,Lost,17957.72
b1b3a143-963a-455d-ab45-f8932eac699d,932f159b-6101-453b-8549-48fc8c56e653,MER00405,2024-12-07,2024-12-21,309846.49,Technical Failure,Withdrawn,0
4eb78662-031d-4e83-8884-e0ce275dd008,7834aac6-410c-4e33-b19b-77bc75757f22,MER00010,2023-01-31,,11852.44,EMI Dispute,Pending,
480a5156-5196-47a6-b2a6-7362d4d60206,78bc6f4d-8a69-4553-94df-aea75dcf482b,MER00066,2023-02-23,2023-04-14,30624.81,Merchant Error,Withdrawn,0
f09da803-9ad6-4470-9386-ea32f14be589,cb0fc2d2-8465-4f10-8d64-010677d7d26d,MER00555,2024-08-06,2024-08-24,13973.6,Product Not Received,Won,0
1ce6aa16-ed18-46aa-9518-73dfe475375b,b661d3d1-26d0-458c-b21f-1352c5b0293f,MER00449,2025-02-26,2025-04-07,29309.32,Product Not As Described,Lost,28368.41
f65efc7c-8c0f-4406-a283-4c363562752b,c80c1ccc-494a-46f9-8499-b6863ec99930,MER00117,2023-11-12,2024-01-01,1218.79,Product Not Received,Won,0
83b7db79-43f8-4636-9530-5a3bdae879b5,e7a2e90d-9847-4e49-84ae-fe864deb1654,MER00567,2023-08-14,2023-09-21,6347.1,Product Not As Described,Lost,6129.92
931d3249-4a54-43df-b8ba-867e9221d710,17d8feab-9341-4daf-9aef-2c879d6c0f6c,MER00339,2025-02-20,2025-03-22,9413.01,Unauthorized Transaction,Lost,9208.5
9c9c0268-4590-4e70-8080-6ea3018117c0,f7287398-e589-4f2a-9898-1f9faaea3719,MER00120,2023-04-12,,25208.05,Merchant Error,Pending,
d06ec032-06d1-44bd-acdc-9daff6e73df6,f7e9d455-8940-4422-9aad-8dd53096deed,MER00493,2025-01-26,2025-02-25,31365.81,Fraud - Card Stolen,Lost,30987.67
e7a31eb2-2831-4f8e-9ff3-8db08f552f7d,a67ad48e-782a-4e01-ba46-f445b5f7eeac,MER00634,2025-02-11,2025-04-05,3896.9,EMI Dispute,Lost,3393.81
56ad5dfd-1a62-49a4-8292-95b4c78966bc,49fd637c-1546-454d-bfe4-13a831c4ee91,MER00245,2024-06-20,2024-08-11,7368.27,Duplicate Charge,Lost,6683.21
ecea428b-4d56-4859-b686-a625b255b464,7f3a6ae4-0a35-4b77-a4cf-299d98fe4319,MER00585,2024-01-31,2024-03-14,674.09,Amount Mismatch,Lost,650.18
d9113e18-e255-43d6-8af1-4f7bc7790a4e,19a5f919-87c1-4a40-88d1-fb3c23640ff9,MER00553,2023-04-19,2023-05-12,2723.76,Unauthorized Transaction,Won,0
b75784ba-3848-4967-b451-42fd2c7782e1,1442e88e-b057-436a-abb8-6e80b6a2bfe9,MER00071,2023-05-01,,706.92,Subscription Cancelled,Pending,
d1dbb6cc-15da-4d3f-a58b-4d324b546c44,6bd72ec3-b2e9-430d-9cae-9321a5d1d1cc,MER00523,2025-02-27,,6439.86,Amount Mismatch,Pending,
a10c6b87-d5c7-48c5-a9cf-10decbd719db,f856a0a8-a985-4b8f-9145-0be712171569,MER00362,2023-10-17,2023-11-02,2547.8,Unauthorized Transaction,Lost,2199.68
256c83d6-24ee-49be-a276-ef08834e37c5,259ae9df-d9ce-4b34-ae23-4ac9e4e7e3c8,MER00175,2023-12-06,2024-01-11,45731.59,Merchant Error,Lost,40280.57
cc4a6ce8-3b44-456b-a341-8d867a37ba3b,cb35093f-c822-4a29-ba7a-a4c3f106242f,MER00314,2024-05-31,2024-06-24,145917.07,EMI Dispute,Won,0
ea9cc762-e64e-4f79-b7bb-b73c2751546f,50e045e1-4664-4d3a-95ec-8b9ded65c4de,MER00518,2024-02-13,2024-03-08,79518.86,Fraud - Card Stolen,Lost,69927.5
ce6d1345-e1e6-4580-b183-ff00ff3c8e75,fa55bab9-0d3a-457a-8530-9cc73ca8c53a,MER00371,2024-08-04,2024-09-30,7584.44,Unauthorized Transaction,Lost,7073.81
8a19a005-5733-449e-b935-b586cc1963e1,160a7935-5746-4074-840a-456c9f58c09d,MER00559,2024-11-28,2024-12-09,10163.26,Merchant Error,Lost,8827.84
7008655f-b3b8-41b3-ac9c-621f04deb278,e6d6a058-e74b-4b78-b599-a21f486661f6,MER00357,2025-03-13,2025-03-31,34778.53,Unauthorized Transaction,Won,0
a2b07609-da1e-4a0b-aacc-f06ef6e186dd,ace75c2c-83b7-414a-a27a-9db2c867fe77,MER00065,2023-07-11,2023-09-05,53464.42,Merchant Error,Withdrawn,0
1c73f8fa-0b3b-48fe-a306-2da400a5081e,f6b08a2e-e880-46f5-a97f-5810a8d0ee71,MER00026,2024-02-25,2024-04-22,5663.43,EMI Dispute,Lost,5108.05
a7cd8e14-a41e-4427-87ad-cfc00d59e7b7,44bcd721-8cf1-47b7-9574-43fbc7241d13,MER00437,2024-04-05,2024-05-20,24818.35,Fraud - Card Stolen,Won,0
3afa41d1-882c-4ec6-a9fb-01f78edf47fa,c9c134c0-cb13-4654-96c4-4a32a31f0592,MER00268,2024-04-07,2024-05-07,3925.13,Technical Failure,Lost,3891.88
121e2f85-a5d6-4f5f-a795-10bac4d93f89,5a774aef-802c-40d2-a44f-1419de059fa7,MER00619,2023-06-15,2023-06-25,2879.19,Product Not Received,Lost,2813.04
ba9d456d-6eb0-4ac2-89ef-7a41f1bf5b26,8e566ca6-08ae-4b86-8e64-ec57237c2b65,MER00063,2025-01-06,2025-02-10,12705.24,Unauthorized Transaction,Lost,10435.69
ede11ca2-2bf3-434e-877b-a03e87c1a27e,01835e23-be7c-4596-beb9-8ae6f6f3edcd,MER00277,2025-01-04,2025-02-09,50501.95,Merchant Error,Lost,48182.75
8f208095-b0c3-4cd3-979a-9c78ba121c4f,2c43d82a-1b04-45cd-af3a-f27342613f69,MER00484,2023-05-09,2023-05-27,3219.33,Duplicate Charge,Lost,3009.2
03d7530d-a387-435b-9ae7-2fcf7fe6d904,23b929b8-03a4-4f37-bde5-15badb40482d,MER00594,2023-05-09,,38141.05,Product Not As Described,Pending,
d5e7644b-fb74-4102-bd75-76c8a85348d4,69be38ed-d032-4d7e-9081-5bd76b9a5716,MER00453,2023-05-17,2023-07-04,9458.94,EMI Dispute,Withdrawn,0
9d636316-73f5-41de-b17d-6b19a56cd53a,ab06d724-d51f-4089-9d52-0601be3b541c,MER00011,2023-12-11,2024-01-12,3138.8,Merchant Error,Lost,2624.45
5bcf0bd7-1eea-49af-b2fb-1a28e6bb4e0c,ad735724-05e7-4c4d-bee6-38595057795f,MER00358,2023-08-19,2023-09-11,324067.16,Merchant Error,Withdrawn,0
0be346d2-7ab1-4471-bc20-5c0d9b0fbd68,db27742a-9222-4801-9362-363feefe2398,MER00650,2023-05-13,2023-06-11,29512.66,Technical Failure,Won,0
e9146c68-b3c4-4fca-a1e8-1a52659a0384,7dfeae34-b999-4ab3-9802-bcfd9967d669,MER00226,2023-08-13,,29715.59,Merchant Error,Pending,
db5e5eef-7f67-416e-83bf-5591ad07d17e,4aeaab88-79ee-4e46-9795-7c4a325b1ee7,MER00014,2023-02-21,2023-04-22,2487.53,EMI Dispute,Lost,2281.43
d2464247-2724-4499-90ed-ea0f08012828,9410b3d1-7d13-4aa7-9a4c-64096422c2c0,MER00618,2025-03-19,2025-04-24,19949.88,Fraud - Card Stolen,Won,0
76ab189a-8133-499c-be3a-fc30dc9d4676,78cb9dc7-6649-42f0-b8fa-6abeb46f5ff8,MER00162,2024-06-21,2024-08-09,29880.02,Amount Mismatch,Lost,27572.46
e84e3ed4-995e-467d-83c9-9a8d8e63fbc2,189d09df-4097-421f-872d-f15798120398,MER00268,2023-04-18,2023-05-06,3972.55,Merchant Error,Lost,3413.2
3cdd5033-0e05-4fed-9bba-2eb33606e933,beb1bbe3-c8e8-4567-93e4-af1d14ca661f,MER00577,2023-11-16,2023-12-07,25091.3,EMI Dispute,Won,0
70f89144-1c14-4b31-af37-c916dfa87c75,0f977ef2-cd6c-4011-bacc-460167f0fc70,MER00321,2024-12-06,2025-01-01,58543.58,Amount Mismatch,Won,0
c0f80a34-8102-4a7a-a1c5-3522c446487c,f1e92d1f-828d-4946-b4b0-c3169f648a2b,MER00448,2025-03-04,,8780.71,Fraud - Card Stolen,Pending,
2c36d81c-2715-47cc-a656-11c8e92fe533,787723be-13f1-43b6-bf7c-75ae2069d554,MER00326,2024-10-16,2024-11-13,19123.34,Unauthorized Transaction,Lost,19055.61
0b086d55-9f82-438b-b753-821b17d103bf,c56000e7-3d62-4565-8b34-e85c5a43b63a,MER00217,2023-03-18,,8670.76,Product Not Received,Pending,
76604369-5dcf-40bc-879f-64a5b24f9d1e,45123255-d7d9-4593-91b2-89ab3c946c1b,MER00345,2024-05-23,2024-07-02,43650.34,Amount Mismatch,Lost,40954
ad6c9cd7-e1b7-4059-9b38-468d00d0a61a,969441cc-a79b-47e7-b456-12996f2ed87f,MER00467,2025-04-07,2025-05-25,11573.85,EMI Dispute,Lost,10459.2
4eace94e-c24f-4a24-837a-8b435de5ddba,22d5d33b-9f3f-4107-97ce-2173dc58aa32,MER00572,2024-07-20,2024-08-07,3918.13,Amount Mismatch,Lost,3680.41
0f929be9-11a9-4c55-bed4-686438057079,ed6952bf-93f5-4a27-9531-583a3610c444,MER00388,2024-01-16,2024-02-11,8076.92,Duplicate Charge,Won,0
07e30b1c-a215-4799-b590-dfd41c86b18d,3ea45a09-18e4-45fc-b2e7-318be6df3009,MER00290,2024-12-29,2025-02-01,70500.99,Merchant Error,Withdrawn,0
4d41d67e-d1ca-4e35-bc35-6117e033ea3a,45a0166c-3461-4c3b-9d9f-1da61eb1dbc3,MER00050,2023-03-11,,6229.62,Amount Mismatch,Pending,
e9d451a7-c7f8-4cf9-8b4d-86b693368139,ff833cc2-b2aa-4813-aa32-57e9c8ccf9d0,MER00236,2023-07-26,2023-09-21,460611.97,Unauthorized Transaction,Lost,444951.85
7b62c742-6352-4cbc-90c6-3bd255cb628f,97c7d436-9878-4be1-989d-cb89236b78e0,MER00459,2024-10-16,2024-11-27,17866.37,Fraud - Card Stolen,Lost,14721.85
ce1744ff-4c43-462f-afc7-8f7d5f6c0f5e,b6cc5114-c867-4a4b-882d-ace0b6ec489b,MER00261,2025-03-23,2025-05-22,2697.21,EMI Dispute,Withdrawn,0
1c9158a1-1ce6-4e47-ad3d-09a332e54a2a,d274a437-6e04-4cdc-96c4-2113db609b26,MER00377,2023-03-06,2023-04-06,7101.23,Product Not As Described,Lost,6480.98
4c0da1e2-75c0-4af1-ba55-a604756ddedf,285e1e6d-bf81-4300-8fba-0a65085509d2,MER00301,2023-12-31,2024-02-20,1630.78,Technical Failure,Won,0
6f13f6d0-f121-4c46-9745-48e49acdb08b,527aef63-c6b5-42ca-b0ba-264b555f55a4,MER00452,2024-01-01,2024-01-21,20902.42,Unauthorized Transaction,Won,0
a8248962-bd84-4c30-9fcf-df1294e71a68,12bb1d3a-e0b7-4496-8ecf-d52f4a34e5e0,MER00445,2023-10-28,2023-11-16,2710.67,Fraud - Card Stolen,Lost,2408.1
65c9849f-200c-4745-bd40-fd6bc9297189,57d02def-3404-45b6-9bf0-3a4c2d24a8e5,MER00219,2023-10-23,,4058.84,Product Not As Described,Pending,
f68e94d5-a73c-4d45-907f-819ae865ae04,36d9b2f9-a1ca-4363-8aa9-e5868406ff31,MER00070,2023-07-29,2023-09-27,3848.58,Technical Failure,Lost,3561.19
c6fca70c-0f81-4a94-9f32-89450f3286b6,77d8c21f-9215-4e79-9106-fd532ca2bbfb,MER00425,2024-10-10,2024-11-15,61997.68,Merchant Error,Won,0
abfdea6a-760e-4cd9-be69-8f3ff3ef7b7c,557a7dec-eecb-485b-a5a4-5227f301796c,MER00014,2023-07-31,,7168.78,Unauthorized Transaction,Pending,
3ea70a0b-37ec-4b97-b43d-d266d2349196,355ada36-d51b-4362-be27-27f4294c1dc0,MER00130,2024-03-12,2024-04-01,9387.05,Subscription Cancelled,Lost,7537.35
bb85b174-9579-445b-934f-838ad426ed37,df2299e6-46d0-4a28-acdd-50053fa5142d,MER00271,2023-10-19,2023-12-16,324217.69,Amount Mismatch,Won,0
0a437c6a-38df-4533-9be1-8dd022deeb3d,d79acf4e-e690-4f37-bade-2b77209a116b,MER00359,2024-11-10,2024-12-20,3400.89,Merchant Error,Lost,2982.77
a37f2703-0b88-4863-940b-15dd024ef198,b66ca8ce-f2b2-43c1-819c-bab33aefebea,MER00091,2023-10-28,,2474.31,Merchant Error,Pending,
e132ab51-ae88-4804-a3a9-ddfbfad9ecb7,246faab4-3466-49ef-81c1-e3d57ee94326,MER00425,2025-01-07,2025-02-20,32756.15,Amount Mismatch,Won,0
1fbdc201-754e-4916-9603-789685c7ee63,2110d728-42b6-438d-98f1-68e327ed89f8,MER00439,2023-05-15,,24831.53,Amount Mismatch,Pending,
93cae3e4-042d-4cd1-bc36-0075c5f89ad8,b467794e-94b2-4de5-8f85-a367225c6c9e,MER00278,2024-05-25,2024-06-29,5520.34,Amount Mismatch,Won,0
9725ef23-4cd3-4afa-9778-c09551c48110,86cf1bf5-d87b-458d-9509-95e5786f99c4,MER00566,2023-09-05,2023-09-17,5174.38,Product Not As Described,Lost,5102.1
fe717a74-428f-4169-bc72-7211f530223e,3390c78f-3477-4c1a-89cb-09b81b899b42,MER00290,2024-09-11,2024-09-30,34945.74,Product Not As Described,Lost,34540.61
d73ccedb-fa20-4ad5-8aef-655685ca947e,d09cce69-5eaa-4386-a49d-6ab31f16ecf4,MER00335,2023-08-22,2023-09-06,13232.44,Unauthorized Transaction,Lost,11051.12
403605c9-5282-413b-9a41-70152961432c,49089b09-701a-4c24-a6a3-63c810280e6b,MER00537,2024-09-03,2024-09-13,49406.19,Product Not Received,Lost,42668.38
6cf9aafb-1197-4e9c-909e-95d6ea4c30a1,b89a1cad-4091-4d90-99b1-02f8ea3c63cf,MER00296,2023-06-11,2023-07-26,1744.7,Product Not As Described,Withdrawn,0
3ce48496-fa4d-462d-8ec1-b89763dc9547,77dbb471-a547-4d97-b6d2-920f20d4b965,MER00650,2025-01-12,2025-01-29,5785.36,Product Not As Described,Withdrawn,0
04b9381b-5cd4-4823-9d75-f309764968ad,13ea0f34-660e-4a04-8495-985299b9e5c5,MER00274,2024-12-08,2025-01-13,13153.97,Product Not Received,Lost,13022.93
eb92052d-0893-48cc-8255-7cd7b73de93f,42be0cf5-0328-497e-b04d-81c9641001df,MER00271,2023-11-14,2023-12-07,82472.2,Fraud - Card Stolen,Lost,77289.79
192d807a-2bab-4365-85e8-0193ab97a126,06e48d01-191a-4567-90db-78d9c8fc88e0,MER00210,2025-02-09,2025-03-13,5697.33,Merchant Error,Won,0
850b10b2-50d5-4850-933e-d7bf02c178ff,e3563c73-f130-4474-918f-d804d2996615,MER00121,2025-01-08,2025-01-21,13244.64,EMI Dispute,Lost,12660.97
